sku_id,product_name,category,brand,price
SKU001,Hp Apparel Product 1,Apparel,Hp,75952
SKU002,Dell Home Product 2,Home,Dell,12008
SKU003,Apple Apparel Product 3,Apparel,Apple,76585
SKU004,Puma Home Product 4,Apparel,Puma,894
SKU005,Sony Accessories Product 5,Accessories,Sony,65647
SKU006,Puma Sports Product 6,Sports,Sony,63855
SKU007,Adidas Electronics Product 7,Electronics,Adidas,79766
SKU008,Hp Sports Product 8,Sports,Hp,41605
SKU009,Hp Electronics Product 9,Electronics,Hp,5822
SKU010,Dell Electronics Product 10,Electronics,Dell,58949
SKU011,Apple Electronics Product 11,Electronics,Apple,13508
SKU012,Nike Home Product 489,Home,Nike,13508
SKU013,Samsung Electronics Product 13,Electronics,Samsung,38068
SKU014,Samsung Apparel Product 14,Apparel,Samsung,7161
SKU015,Hp Sports Product 15,Sports,Hp,5069
SKU016,Dell Home Product 16,Home,Dell,14747
SKU017,Puma Home Product 17,Home,Puma,24276
SKU018,Samsung Accessories Product 18,Accessories,Samsung,67475
SKU019,Puma Electronics Product 19,Electronics,Puma,22559
SKU020,Adidas Accessories Product 20,Accessories,Adidas,22559
SKU021,Nike Sports Product 21,Sports,Nike,79297
SKU022,Adidas Electronics Product 22,Electronics,Adidas,11281
SKU023,Samsung Home Product 23,Home,Samsung,15646
SKU024,Dell Sports Product 24,Sports,Dell,41053
SKU025,Apple Apparel Product 25,Apparel,Apple,46684
SKU026,Sony Sports Product 26,Sports,Sony,54021
SKU027,Apple Home Product 27,Home,Apple,18687
SKU028,Adidas Apparel Product 28,Apparel,Adidas,41407
SKU029,Adidas Apparel Product 29,Apparel,Adidas,6811
SKU030,Sony Sports Product 30,Sports,Sony,28043
SKU031,Dell Sports Product 31,Sports,Dell,42255
SKU032,Dell Sports Product 31,Apparel,Sony,58666
SKU033,Adidas Apparel Product 33,Apparel,Adidas,46413
SKU034,Adidas Accessories Product 34,Apparel,Adidas,14034
SKU035,Dell Electronics Product 35,Electronics,Dell,40958
SKU036,Nike Apparel Product 36,Apparel,Nike,43525
SKU037,Adidas Apparel Product 37,Apparel,Adidas,36685
SKU038,Adidas Electronics Product 38,Electronics,Adidas,854
SKU039,Puma Home Product 39,Electronics,Puma,20945
SKU040,Hp Sports Product 40,Sports,Hp,31773
SKU041,Apple Electronics Product 41,Electronics,Apple,4785
SKU042,Apple Electronics Product 41,Home,Dell,53703
SKU043,Apple Sports Product 43,Sports,Apple,23057
SKU044,Samsung Sports Product 44,Sports,Samsung,38529
SKU045,Samsung Sports Product 44,Apparel,Dell,23393
SKU046,Nike Sports Product 46,Apparel,Nike,1430
SKU047,Apple Sports Product 47,Sports,Apple,23297
SKU048,Adidas Electronics Product 48,Electronics,Adidas,18427
SKU049,Sony Accessories Product 49,Accessories,Sony,43254
SKU050,Adidas Sports Product 50,Sports,Adidas,70208
SKU051,Adidas Electronics Product 387,Electronics,Adidas,7886
SKU052,Adidas Electronics Product 52,Electronics,Adidas,25463
SKU053,Apple Electronics Product 53,Electronics,Apple,29794
SKU054,Samsung Electronics Product 54,Electronics,Samsung,63770
SKU055,Apple Accessories Product 55,Accessories,Apple,51873
SKU056,Apple Accessories Product 55,Electronics,Sony,28870
SKU057,Dell Accessories Product 57,Accessories,Dell,28870
SKU058,Dell Apparel Product 58,Apparel,Dell,403383
SKU059,Dell Home Product 59,Home,Dell,40506
SKU060,Dell Home Product 83,Home,Dell,21740
SKU061,Dell Accessories Product 61,Accessories,Dell,20084
SKU062,Hp Home Product 62,Home,Hp,66341
SKU063,Adidas Sports Product 63,Sports,Adidas,12066
SKU064,Adidas Electronics Product 64,Sports,Adidas,7661
SKU065,Dell Home Product 65,Home,Dell,4375
SKU066,Nike Apparel Product 66,Apparel,Nike,77348
SKU067,Nike Apparel Product 66,Apparel,Dell,51036
SKU068,Sony Apparel Product 68,Apparel,Sony,54712
SKU069,Samsung Accessories Product 69,Accessories,Samsung,55140
SKU070,Sony Electronics Product 70,Electronics,Sony,13086
SKU071,Apple Sports Product 71,Sports,Apple,62947
SKU072,Nike Electronics Product 382,Electronics,Nike,42650
SKU073,Dell Accessories Product 73,Accessories,Dell,73125
SKU074,Dell Electronics Product 74,Electronics,Dell,67268
SKU075,Dell Electronics Product 35,Electronics,Dell,40958
SKU076,Samsung Home Product 76,Home,Samsung,16989
SKU077,Nike Accessories Product 77,Accessories,Nike,403383
SKU078,Hp Electronics Product 78,Electronics,Hp,33098
SKU079,Hp Electronics Product 78,Accessories,Dell,33098
SKU080,Puma Apparel Product 80,Apparel,Dell,33098
SKU081,Puma Apparel Product 80,Accessories,Sony,33098
SKU082,Apple Accessories Product 82,Accessories,Apple,33098
SKU083,Apple Accessories Product 82,Apparel,Apple,39149
SKU084,Nike Sports Product 84,Sports,Nike,72083
SKU085,Nike Apparel Product 66,Apparel,Nike,77348
SKU086,Adidas Apparel Product 86,Apparel,Adidas,71047
SKU087,Sony Apparel Product 87,Apparel,Sony,18618
SKU088,Nike Home Product 88,Home,Sony,46753
SKU089,Hp Accessories Product 89,Accessories,Hp,69259
SKU090,Sony Home Product 90,Home,Sony,16750
SKU091,Adidas Home Product 91,Home,Adidas,16750
SKU092,Adidas Home Product 91,Electronics,Adidas,1545
SKU093,Adidas Home Product 91,Accessories,Nike,36982
SKU094,Adidas Apparel Product 94,Apparel,Adidas,22633
SKU095,Sony Apparel Product 95,Apparel,Sony,60988
SKU096,Adidas Home Product 96,Home,Adidas,57994
SKU097,Nike Apparel Product 97,Apparel,Nike,18180
SKU098,Samsung Apparel Product 98,Apparel,Samsung,43338
SKU099,Samsung Apparel Product 98,Apparel,Apple,4418
SKU100,Sony Accessories Product 100,Accessories,Apple,27481
SKU101,Adidas Sports Product 101,Sports,Adidas,26369
SKU102,Dell Home Product 102,Home,Dell,26369
SKU103,Puma Home Product 103,Home,Puma,42692
SKU104,Puma Home Product 104,Home,Puma,4779
SKU105,Apple Electronics Product 105,Electronics,Apple,43325
SKU106,Puma Sports Product 106,Sports,Puma,61032
SKU107,Adidas Electronics Product 107,Electronics,Adidas,38379
SKU108,Hp Home Product 108,Home,Hp,30487
SKU109,Samsung Sports Product 109,Sports,Samsung,30487
SKU110,Nike Apparel Product 110,Apparel,Nike,50490
SKU111,Puma Electronics Product 111,Electronics,Puma,40772
SKU112,Hp Accessories Product 112,Accessories,Hp,36433
SKU113,Nike Accessories Product 113,Accessories,Nike,19316
SKU114,Apple Sports Product 114,Sports,Nike,65478
SKU115,Apple Sports Product 114,Sports,Puma,64462
SKU116,Dell Sports Product 116,Sports,Dell,34994
SKU117,Dell Sports Product 116,Electronics,Hp,64156
SKU118,Dell Home Product 118,Home,Dell,49390
SKU119,Samsung Accessories Product 119,Accessories,Samsung,76551
SKU120,Nike Apparel Product 120,Apparel,Nike,65192
SKU121,Samsung Electronics Product 121,Electronics,Samsung,19344
SKU122,Adidas Electronics Product 122,Electronics,Adidas,11206
SKU123,Apple Home Product 123,Home,Apple,37099
SKU124,Apple Sports Product 124,Sports,Apple,71979
SKU125,Dell Apparel Product 125,Apparel,Dell,71979
SKU126,Dell Apparel Product 125,Home,Apple,59895
SKU127,Hp Electronics Product 127,Electronics,Hp,62077
SKU128,Dell Accessories Product 128,Accessories,Dell,20826
SKU129,Samsung Sports Product 129,Sports,Samsung,7192
SKU130,Apple Home Product 130,Home,Apple,75375
SKU131,Sony Electronics Product 131,Electronics,Apple,75605
SKU132,Samsung Electronics Product 132,Electronics,Samsung,50025
SKU133,Samsung Electronics Product 132,Home,Samsung,403383
SKU134,Hp Apparel Product 134,Apparel,Hp,5201
SKU135,Samsung Home Product 135,Home,Samsung,35959
SKU136,Samsung Home Product 135,Accessories,Nike,72729
SKU137,Apple Apparel Product 137,Accessories,Apple,403383
SKU138,Samsung Apparel Product 138,Apparel,Samsung,38724
SKU139,Apple Sports Product 139,Sports,Apple,75769
SKU140,Adidas Apparel Product 140,Apparel,Adidas,53769
SKU141,Sony Electronics Product 141,Electronics,Sony,53769
SKU142,Samsung Accessories Product 142,Accessories,Samsung,53769
SKU143,Apple Sports Product 143,Sports,Apple,31137
SKU144,Hp Apparel Product 144,Apparel,Hp,23561
SKU145,Nike Sports Product 145,Sports,Nike,76601
SKU146,Apple Home Product 146,Home,Apple,54889
SKU147,Apple Home Product 146,Electronics,Samsung,31958
SKU148,Dell Accessories Product 148,Electronics,Dell,38424
SKU149,Dell Accessories Product 148,Apparel,Apple,61266
SKU150,Hp Sports Product 150,Sports,Hp,61266
SKU151,Hp Electronics Product 151,Electronics,Hp,46385
SKU152,Apple Apparel Product 152,Apparel,Apple,68775
SKU153,Apple Apparel Product 152,Apparel,Sony,31248
SKU154,Puma Apparel Product 154,Apparel,Puma,403383
SKU155,Puma Apparel Product 154,Home,Sony,48266
SKU156,Puma Apparel Product 156,Apparel,Puma,58170
SKU157,Samsung Apparel Product 157,Apparel,Puma,58170
SKU158,Sony Home Product 158,Home,Puma,7825
SKU159,Puma Electronics Product 159,Electronics,Puma,51712
SKU160,Samsung Electronics Product 160,Electronics,Samsung,46901
SKU161,Nike Home Product 161,Home,Nike,6055
SKU162,Adidas Electronics Product 162,Electronics,Adidas,62187
SKU163,Puma Sports Product 163,Sports,Puma,27812
SKU164,Puma Apparel Product 164,Apparel,Puma,61719
SKU165,Samsung Home Product 165,Home,Samsung,17349
SKU166,Samsung Home Product 165,Apparel,Apple,61266
SKU167,Nike Home Product 167,Home,Nike,61266
SKU168,Sony Accessories Product 168,Accessories,Sony,47912
SKU169,Sony Accessories Product 168,Electronics,Samsung,67530
SKU170,Puma Electronics Product 159,Electronics,Puma,51712
SKU171,Samsung Sports Product 171,Sports,Samsung,26000
SKU172,Puma Home Product 172,Home,Puma,26000
SKU173,Samsung Apparel Product 173,Home,Samsung,42237
SKU174,Hp Home Product 174,Home,Hp,39443
SKU175,Dell Electronics Product 175,Electronics,Dell,403383
SKU176,Dell Home Product 176,Home,Dell,30001
SKU177,Sony Electronics Product 177,Electronics,Sony,39177
SKU178,Sony Electronics Product 177,Sports,Sony,5502
SKU179,Apple Home Product 179,Home,Apple,28313
SKU180,Hp Sports Product 180,Home,Hp,28313
SKU181,Sony Electronics Product 181,Electronics,Hp,63742
SKU182,Sony Home Product 182,Home,Sony,41840
SKU183,Sony Electronics Product 183,Electronics,Sony,50708
SKU184,Puma Apparel Product 184,Apparel,Puma,14444
SKU185,Adidas Sports Product 185,Apparel,Adidas,42259
SKU186,Sony Electronics Product 186,Electronics,Sony,75851
SKU187,Dell Accessories Product 187,Accessories,Dell,52853
SKU188,Puma Sports Product 188,Sports,Puma,62378
SKU189,Nike Electronics Product 189,Electronics,Nike,7893
SKU190,Nike Electronics Product 189,Electronics,Dell,39528
SKU191,Apple Accessories Product 191,Accessories,Apple,14638
SKU192,Samsung Accessories Product 192,Accessories,Samsung,8308
SKU193,Dell Home Product 193,Home,Samsung,8308
SKU194,Samsung Home Product 194,Home,Samsung,40056
SKU195,Samsung Home Product 194,Electronics,Samsung,59922
SKU196,Nike Apparel Product 196,Apparel,Nike,26770
SKU197,Hp Accessories Product 197,Accessories,Hp,25755
SKU198,Puma Apparel Product 198,Apparel,Puma,403383
SKU199,Puma Apparel Product 198,Electronics,Nike,44959
SKU200,Sony Apparel Product 200,Apparel,Sony,13815
SKU201,Samsung Sports Product 201,Sports,Samsung,11209
SKU202,Puma Apparel Product 202,Apparel,Puma,7327
SKU203,Adidas Home Product 203,Home,Adidas,72774
SKU204,Adidas Sports Product 204,Sports,Adidas,65350
SKU205,Puma Sports Product 205,Sports,Puma,78224
SKU206,Nike Electronics Product 206,Electronics,Nike,70284
SKU207,Sony Sports Product 207,Sports,Sony,63541
SKU208,Puma Electronics Product 208,Sports,Puma,71161
SKU209,Puma Home Product 209,Home,Puma,69417
SKU210,Samsung Apparel Product 210,Apparel,Samsung,62090
SKU211,Nike Sports Product 211,Sports,Nike,52307
SKU212,Sony Sports Product 212,Sports,Sony,38740
SKU213,Samsung Apparel Product 14,Apparel,Samsung,7161
SKU214,Dell Apparel Product 214,Apparel,Dell,36444
SKU215,Sony Sports Product 212,Sports,Sony,38740
SKU216,Dell Electronics Product 216,Electronics,Dell,49968
SKU217,Apple Home Product 329,Home,Dell,74152
SKU218,Nike Sports Product 218,Sports,Nike,57995
SKU219,Sony Electronics Product 219,Electronics,Sony,30392
SKU220,Puma Accessories Product 310,Accessories,Puma,30392
SKU221,Adidas Apparel Product 221,Apparel,Adidas,24545
SKU222,Samsung Apparel Product 222,Apparel,Samsung,38705
SKU223,Adidas Accessories Product 223,Apparel,Adidas,71079
SKU224,Nike Electronics Product 224,Electronics,Nike,53381
SKU225,Hp Apparel Product 225,Electronics,Hp,13572
SKU226,Puma Sports Product 226,Electronics,Puma,403383
SKU227,Samsung Electronics Product 227,Electronics,Samsung,39388
SKU228,Hp Sports Product 228,Sports,Samsung,39388
SKU229,Sony Electronics Product 229,Electronics,Sony,3408
SKU230,Nike Electronics Product 230,Electronics,Nike,44829
SKU231,Sony Home Product 231,Home,Sony,39038
SKU232,Sony Sports Product 232,Sports,Sony,24582
SKU233,Nike Accessories Product 233,Accessories,Nike,36982
SKU234,Hp Electronics Product 234,Electronics,Hp,58424
SKU235,Sony Electronics Product 235,Electronics,Hp,78770
SKU236,Hp Apparel Product 236,Apparel,Hp,55449
SKU237,Hp Apparel Product 357,Apparel,Hp,70205
SKU238,Dell Electronics Product 238,Electronics,Dell,46728
SKU239,Puma Sports Product 239,Sports,Puma,12485
SKU240,Samsung Electronics Product 240,Sports,Samsung,403383
SKU241,Hp Accessories Product 241,Accessories,Hp,32206
SKU242,Dell Apparel Product 242,Apparel,Dell,32206
SKU243,Adidas Sports Product 243,Sports,Adidas,40833
SKU244,Dell Electronics Product 216,Electronics,Dell,49968
SKU245,Nike Electronics Product 245,Electronics,Nike,43499
SKU246,Adidas Electronics Product 246,Electronics,Adidas,7022
SKU247,Sony Accessories Product 247,Electronics,Sony,51291
SKU248,Nike Accessories Product 248,Accessories,Sony,66609
SKU249,Apple Accessories Product 249,Accessories,Apple,403383
SKU250,Adidas Accessories Product 250,Accessories,Adidas,47689
SKU251,Hp Electronics Product 251,Electronics,Adidas,58628
SKU252,Puma Home Product 252,Home,Puma,58628
SKU253,Apple Home Product 253,Home,Apple,55061
SKU254,Sony Apparel Product 254,Apparel,Apple,403383
SKU255,Samsung Home Product 255,Home,Samsung,403383
SKU256,Hp Sports Product 256,Sports,Hp,5090
SKU257,Sony Electronics Product 257,Electronics,Sony,25922
SKU258,Samsung Apparel Product 258,Apparel,Samsung,61911
SKU259,Apple Sports Product 259,Sports,Apple,61911
SKU260,Apple Sports Product 259,Apparel,Dell,60485
SKU261,Apple Sports Product 261,Sports,Apple,17871
SKU262,Apple Sports Product 261,Electronics,Hp,75851
SKU263,Dell Accessories Product 263,Electronics,Hp,38825
SKU264,Dell Accessories Product 263,Electronics,Apple,22656
SKU265,Samsung Accessories Product 265,Accessories,Samsung,56538
SKU266,Samsung Accessories Product 265,Accessories,Hp,39570
SKU267,Dell Electronics Product 267,Electronics,Dell,64308
SKU268,Samsung Apparel Product 268,Electronics,Samsung,65092
SKU269,Dell Electronics Product 269,Electronics,Dell,78791
SKU270,Apple Sports Product 270,Sports,Apple,24484
SKU271,Puma Sports Product 271,Sports,Puma,65867
SKU272,Puma Sports Product 272,Sports,Puma,64343
SKU273,Apple Accessories Product 273,Accessories,Apple,19695
SKU274,Dell Apparel Product 274,Apparel,Dell,17054
SKU275,Hp Accessories Product 275,Accessories,Hp,8536
SKU276,Samsung Sports Product 276,Sports,Samsung,8536
SKU277,Adidas Apparel Product 277,Sports,Adidas,79770
SKU278,Samsung Accessories Product 278,Accessories,Samsung,27785
SKU279,Sony Apparel Product 279,Apparel,Sony,41262
SKU280,Samsung Apparel Product 280,Apparel,Samsung,43496
SKU281,Nike Home Product 281,Home,Samsung,403383
SKU282,Hp Sports Product 282,Sports,Hp,64111
SKU283,Hp Sports Product 282,Home,Hp,15137
SKU284,Hp Sports Product 282,Apparel,Sony,27333
SKU285,Dell Home Product 285,Home,Sony,24115
SKU286,Sony Electronics Product 286,Electronics,Sony,403383
SKU287,Puma Electronics Product 287,Electronics,Puma,403383
SKU288,Puma Electronics Product 287,Apparel,Hp,403383
SKU289,Samsung Sports Product 289,Sports,Samsung,8098
SKU290,Apple Apparel Product 290,Apparel,Apple,56792
SKU291,Dell Accessories Product 291,Accessories,Dell,55877
SKU292,Puma Home Product 292,Home,Dell,45267
SKU293,Samsung Sports Product 293,Sports,Samsung,45267
SKU294,Dell Electronics Product 294,Sports,Dell,6097
SKU295,Puma Home Product 295,Home,Puma,33503
SKU296,Nike Apparel Product 296,Home,Puma,56461
SKU297,Hp Accessories Product 297,Accessories,Hp,64299
SKU298,Puma Accessories Product 498,Accessories,Puma,31683
SKU299,Hp Apparel Product 236,Apparel,Hp,55449
SKU300,Dell Apparel Product 300,Apparel,Dell,15162
SKU301,Dell Sports Product 301,Sports,Dell,42227
SKU302,Nike Apparel Product 302,Apparel,Dell,13359
SKU303,Hp Sports Product 303,Sports,Hp,13359
SKU304,Apple Accessories Product 304,Accessories,Apple,10037
SKU305,Sony Apparel Product 305,Apparel,Sony,10037
SKU306,Adidas Sports Product 306,Sports,Adidas,10024
SKU307,Dell Electronics Product 307,Electronics,Adidas,9863
SKU308,Sony Apparel Product 308,Apparel,Sony,31204
SKU309,Sony Apparel Product 308,Sports,Samsung,65664
SKU310,Puma Accessories Product 310,Accessories,Puma,65664
SKU311,Samsung Accessories Product 311,Accessories,Samsung,403383
SKU312,Adidas Apparel Product 312,Accessories,Adidas,68943
SKU313,Adidas Accessories Product 313,Accessories,Adidas,20130
SKU314,Dell Apparel Product 314,Apparel,Dell,52263
SKU315,Puma Accessories Product 315,Accessories,Puma,10018
SKU316,Puma Accessories Product 315,Apparel,Puma,39149
SKU317,Dell Sports Product 426,Sports,Dell,45874
SKU318,Dell Sports Product 318,Sports,Dell,37755
SKU319,Dell Sports Product 318,Apparel,Puma,7225
SKU320,Samsung Sports Product 320,Sports,Samsung,32996
SKU321,Hp Apparel Product 321,Apparel,Hp,29056
SKU322,Apple Sports Product 47,Sports,Apple,23297
SKU323,Samsung Apparel Product 323,Apparel,Samsung,55556
SKU324,Nike Sports Product 324,Sports,Samsung,26833
SKU325,Hp Apparel Product 325,Apparel,Hp,56296
SKU326,Dell Home Product 326,Home,Dell,403383
SKU327,Hp Accessories Product 327,Accessories,Hp,403383
SKU328,Puma Sports Product 328,Accessories,Puma,8906
SKU329,Apple Home Product 329,Home,Puma,74152
SKU330,Apple Accessories Product 215,Accessories,Apple,70832
SKU331,Sony Sports Product 331,Sports,Sony,70832
SKU332,Sony Apparel Product 332,Apparel,Sony,44854
SKU333,Adidas Electronics Product 333,Electronics,Adidas,35498
SKU334,Apple Home Product 334,Home,Apple,64018
SKU335,Hp Electronics Product 335,Electronics,Apple,23540
SKU336,Apple Electronics Product 336,Electronics,Apple,11916
SKU337,Nike Sports Product 337,Sports,Nike,30747
SKU338,Samsung Electronics Product 338,Sports,Samsung,10744
SKU339,Samsung Accessories Product 339,Accessories,Samsung,26122
SKU340,Dell Apparel Product 340,Apparel,Dell,35298
SKU341,Puma Home Product 341,Home,Puma,71961
SKU342,Dell Sports Product 342,Sports,Dell,61802
SKU343,Sony Apparel Product 343,Apparel,Sony,61802
SKU344,Hp Accessories Product 344,Accessories,Hp,43660
SKU345,Hp Accessories Product 345,Accessories,Hp,54156
SKU346,Dell Home Product 346,Home,Dell,403383
SKU347,Apple Home Product 347,Home,Apple,70141
SKU348,Hp Electronics Product 348,Electronics,Hp,72219
SKU349,Dell Home Product 65,Home,Dell,4375
SKU350,Dell Sports Product 350,Sports,Dell,52312
SKU351,Hp Electronics Product 351,Electronics,Dell,46585
SKU352,Puma Sports Product 352,Sports,Puma,46585
SKU353,Apple Sports Product 353,Sports,Apple,42017
SKU354,Apple Sports Product 353,Apparel,Apple,76232
SKU355,Samsung Apparel Product 355,Apparel,Samsung,53378
SKU356,Adidas Electronics Product 356,Electronics,Adidas,70039
SKU357,Hp Apparel Product 357,Apparel,Hp,70205
SKU358,Nike Apparel Product 358,Apparel,Nike,31628
SKU359,Nike Apparel Product 358,Apparel,Apple,64008
SKU360,Nike Sports Product 360,Sports,Apple,28774
SKU361,Apple Electronics Product 361,Electronics,Apple,19109
SKU362,Dell Apparel Product 362,Apparel,Dell,9455
SKU363,Dell Apparel Product 473,Apparel,Dell,63744
SKU364,Adidas Sports Product 364,Sports,Adidas,46348
SKU365,Samsung Home Product 365,Home,Samsung,17448
SKU366,Samsung Accessories Product 366,Accessories,Samsung,18713
SKU367,Samsung Accessories Product 366,Home,Dell,18713
SKU368,Nike Home Product 368,Home,Nike,27231
SKU369,Samsung Electronics Product 369,Electronics,Samsung,27231
SKU370,Dell Electronics Product 370,Electronics,Dell,14093
SKU371,Dell Electronics Product 370,Sports,Dell,72984
SKU372,Samsung Apparel Product 372,Apparel,Samsung,58436
SKU373,Hp Electronics Product 373,Electronics,Hp,60885
SKU374,Nike Accessories Product 374,Electronics,Nike,71882
SKU375,Apple Home Product 375,Home,Apple,41050
SKU376,Samsung Home Product 376,Home,Samsung,59671
SKU377,Apple Sports Product 377,Sports,Apple,54940
SKU378,Hp Accessories Product 378,Accessories,Hp,47319
SKU379,Sony Apparel Product 379,Apparel,Sony,50821
SKU380,Nike Accessories Product 380,Accessories,Nike,403383
SKU381,Sony Sports Product 381,Sports,Sony,403383
SKU382,Nike Electronics Product 382,Electronics,Nike,42650
SKU383,Nike Electronics Product 382,Sports,Nike,18414
SKU384,Sony Apparel Product 384,Apparel,Sony,30288
SKU385,Sony Accessories Product 385,Accessories,Sony,34981
SKU386,Sony Apparel Product 386,Apparel,Sony,16950
SKU387,Adidas Electronics Product 387,Electronics,Sony,7886
SKU388,Dell Home Product 388,Home,Dell,28990
SKU389,Puma Electronics Product 389,Electronics,Puma,73715
SKU390,Puma Electronics Product 390,Electronics,Puma,73715
SKU391,Apple Accessories Product 391,Electronics,Apple,31837
SKU392,Hp Sports Product 392,Sports,Hp,38444
SKU393,Nike Home Product 393,Home,Nike,69018
SKU394,Samsung Home Product 394,Home,Samsung,7619
SKU395,Hp Accessories Product 395,Accessories,Hp,7619
SKU396,Dell Home Product 396,Home,Dell,68584
SKU397,Hp Electronics Product 397,Electronics,Hp,31438
SKU398,Hp Accessories Product 398,Accessories,Hp,73615
SKU399,Hp Accessories Product 399,Accessories,Hp,73615
SKU400,Hp Accessories Product 399,Home,Puma,35848
SKU401,Apple Accessories Product 401,Accessories,Apple,71335
SKU402,Adidas Electronics Product 402,Electronics,Adidas,66136
SKU403,Adidas Sports Product 403,Sports,Adidas,30135
SKU404,Adidas Accessories Product 404,Accessories,Adidas,403383
SKU405,Samsung Sports Product 405,Sports,Samsung,49251
SKU406,Puma Electronics Product 406,Electronics,Puma,29869
SKU407,Apple Accessories Product 436,Accessories,Apple,8413
SKU408,Adidas Accessories Product 408,Accessories,Apple,8413
SKU409,Dell Sports Product 409,Sports,Dell,34645
SKU410,Apple Sports Product 410,Sports,Apple,34645
SKU411,Puma Electronics Product 411,Electronics,Puma,43196
SKU412,Adidas Sports Product 412,Sports,Adidas,27483
SKU413,Hp Apparel Product 413,Apparel,Adidas,74529
SKU414,Samsung Apparel Product 414,Apparel,Samsung,17576
SKU415,Nike Electronics Product 415,Electronics,Nike,59129
SKU416,Adidas Home Product 416,Home,Adidas,40181
SKU417,Adidas Apparel Product 417,Home,Adidas,17787
SKU418,Puma Accessories Product 418,Home,Puma,39173
SKU419,Apple Sports Product 419,Sports,Apple,73377
SKU420,Hp Home Product 420,Home,Hp,61660
SKU421,Dell Home Product 421,Home,Dell,51831
SKU422,Samsung Sports Product 422,Sports,Samsung,25183
SKU423,Dell Sports Product 423,Sports,Dell,2787
SKU424,Sony Electronics Product 424,Electronics,Sony,42403
SKU425,Puma Accessories Product 425,Accessories,Puma,41526
SKU426,Dell Sports Product 426,Sports,Dell,45874
SKU427,Adidas Accessories Product 427,Accessories,Adidas,63970
SKU428,Adidas Accessories Product 427,Accessories,Adidas,31123
SKU429,Puma Sports Product 429,Sports,Puma,26833
SKU430,Puma Sports Product 430,Sports,Puma,73316
SKU431,Nike Accessories Product 431,Accessories,Nike,66299
SKU432,Puma Electronics Product 432,Electronics,Puma,2204
SKU433,Sony Electronics Product 433,Electronics,Sony,3810
SKU434,Puma Sports Product 434,Sports,Puma,3810
SKU435,Dell Electronics Product 435,Electronics,Dell,54690
SKU436,Apple Accessories Product 436,Accessories,Apple,403383
SKU437,Puma Home Product 437,Home,Puma,55116
SKU438,Samsung Accessories Product 438,Accessories,Samsung,60533
SKU439,Adidas Sports Product 439,Sports,Adidas,78681
SKU440,Samsung Electronics Product 440,Electronics,Samsung,52533
SKU441,Dell Accessories Product 441,Accessories,Dell,13634
SKU442,Samsung Apparel Product 442,Accessories,Samsung,77801
SKU443,Apple Accessories Product 443,Accessories,Samsung,2314
SKU444,Apple Accessories Product 443,Electronics,Adidas,2314
SKU445,Puma Electronics Product 445,Electronics,Puma,2357
SKU446,Adidas Sports Product 446,Sports,Adidas,50038
SKU447,Puma Accessories Product 447,Sports,Puma,66467
SKU448,Adidas Home Product 448,Home,Adidas,65733
SKU449,Samsung Electronics Product 449,Electronics,Samsung,19492
SKU450,Samsung Electronics Product 449,Accessories,Samsung,42025
SKU451,Nike Electronics Product 451,Electronics,Samsung,24559
SKU452,Nike Electronics Product 451,Electronics,Apple,73482
SKU453,Nike Electronics Product 451,Sports,Nike,403383
SKU454,Sony Accessories Product 454,Accessories,Sony,403383
SKU455,Adidas Home Product 455,Home,Adidas,34999
SKU456,Sony Sports Product 456,Sports,Sony,15434
SKU457,Apple Electronics Product 457,Electronics,Apple,20793
SKU458,Dell Home Product 458,Electronics,Dell,41235
SKU459,Nike Accessories Product 459,Accessories,Nike,78133
SKU460,Hp Apparel Product 460,Apparel,Hp,64464
SKU461,Sony Apparel Product 461,Apparel,Sony,49555
SKU462,Puma Sports Product 462,Sports,Puma,30043
SKU463,Dell Sports Product 463,Sports,Dell,24417
SKU464,Hp Home Product 464,Home,Hp,24417
SKU465,Hp Home Product 464,Accessories,Nike,37398
SKU466,Apple Apparel Product 466,Apparel,Apple,61066
SKU467,Samsung Apparel Product 467,Apparel,Samsung,403383
SKU468,Adidas Accessories Product 468,Accessories,Adidas,3651
SKU469,Samsung Home Product 469,Home,Samsung,2490
SKU470,Hp Apparel Product 470,Apparel,Hp,13717
SKU471,Adidas Apparel Product 471,Apparel,Adidas,8769
SKU472,Sony Apparel Product 472,Apparel,Sony,42020
SKU473,Dell Apparel Product 473,Apparel,Dell,63744
SKU474,Nike Apparel Product 474,Apparel,Nike,3049
SKU475,Puma Home Product 475,Home,Nike,31163
SKU476,Nike Home Product 476,Home,Nike,36917
SKU477,Sony Sports Product 477,Sports,Sony,51063
SKU478,Nike Apparel Product 478,Apparel,Nike,51063
SKU479,Dell Electronics Product 479,Electronics,Dell,31957
SKU480,Apple Apparel Product 480,Apparel,Apple,70381
SKU481,Apple Accessories Product 481,Accessories,Apple,403383
SKU482,Dell Apparel Product 482,Apparel,Dell,24480
SKU483,Dell Apparel Product 482,Home,Dell,61848
SKU484,Apple Apparel Product 484,Apparel,Apple,24831
SKU485,Adidas Apparel Product 485,Apparel,Adidas,24844
SKU486,Nike Accessories Product 486,Accessories,Nike,33583
SKU487,Hp Home Product 487,Home,Hp,33583
SKU488,Hp Home Product 487,Electronics,Nike,611
SKU489,Nike Home Product 489,Home,Nike,611
SKU490,Adidas Electronics Product 490,Electronics,Adidas,403383
SKU491,Puma Accessories Product 491,Accessories,Puma,24235
SKU492,Hp Apparel Product 492,Apparel,Hp,7392
SKU493,Samsung Sports Product 493,Sports,Samsung,15633
SKU494,Sony Home Product 494,Home,Sony,7269
SKU495,Nike Accessories Product 495,Accessories,Nike,24619
SKU496,Nike Accessories Product 495,Electronics,Sony,40708
SKU497,Hp Home Product 497,Home,Hp,61215
SKU498,Puma Accessories Product 498,Accessories,Puma,31683
